﻿<?xml version="1.0" standalone="yes"?>
<NewDataSet>
  <xs:schema id="NewDataSet" xmlns="" xmlns:xs="http://www.w3.org/2001/XMLSchema" xmlns:msdata="urn:schemas-microsoft-com:xml-msdata">
    <xs:element name="NewDataSet" msdata:IsDataSet="true" msdata:MainDataTable="SystemConfig" msdata:UseCurrentLocale="true">
      <xs:complexType>
        <xs:choice minOccurs="0" maxOccurs="unbounded">
          <xs:element name="SystemConfig">
            <xs:complexType>
              <xs:attribute name="ConfigName" type="xs:string" use="required" />
              <xs:attribute name="ConfigValue" type="xs:string" />
              <xs:attribute name="Remark" type="xs:string" />
            </xs:complexType>
          </xs:element>
        </xs:choice>
      </xs:complexType>
      <xs:unique name="Constraint1" msdata:PrimaryKey="true">
        <xs:selector xpath=".//SystemConfig" />
        <xs:field xpath="@ConfigName" />
      </xs:unique>
    </xs:element>
  </xs:schema>  
  <SystemConfig ConfigName="DataFile" ConfigValue="\Program Files\scanning\CEDB.db3" Remark=""/>
  <SystemConfig ConfigName="WBSURL" ConfigValue="http://webt.lilang.com:9001/service/ServiceLogin.asmx" Remark="WEB SERVICE层的连接地址(包含 http://)"/>
  <SystemConfig ConfigName="ScanningURL" ConfigValue="http://192.168.35.231/service/WSScanningDataPull.asmx" Remark="WEB SERVICE层的连接地址(包含 http://)"/>  
  <SystemConfig ConfigName="user" ConfigValue="gjf" Remark="用户名"/>
  <SystemConfig ConfigName="password" ConfigValue="123123" Remark="密码"/>
  <SystemConfig ConfigName="isSaveUser" ConfigValue="1" Remark="保存用户密码"/>
  <SystemConfig ConfigName="ver" ConfigValue="20181117" Remark="自动升级版本"/>
</NewDataSet>