﻿<?xml version="1.0" standalone="yes"?>
<NewDataSet>
  <xs:schema id="NewDataSet" xmlns="" xmlns:xs="http://www.w3.org/2001/XMLSchema" xmlns:msdata="urn:schemas-microsoft-com:xml-msdata">
    <xs:element name="NewDataSet" msdata:IsDataSet="true" msdata:MainDataTable="SystemConfig" msdata:UseCurrentLocale="true">
      <xs:complexType>
        <xs:choice minOccurs="0" maxOccurs="unbounded">
          <xs:element name="SystemConfig">
            <xs:complexType>
              <xs:attribute name="ConfigName" type="xs:string" use="required" />
              <xs:attribute name="ConfigValue" type="xs:string" />
              <xs:attribute name="Remark" type="xs:string" />
            </xs:complexType>
          </xs:element>
        </xs:choice>
      </xs:complexType>
      <xs:unique name="Constraint1" msdata:PrimaryKey="true">
        <xs:selector xpath=".//SystemConfig" />
        <xs:field xpath="@ConfigName" />
      </xs:unique>
    </xs:element>
  </xs:schema>
  <SystemConfig ConfigName="BLLURL" ConfigValue="http://10.0.0.15:9001/interface/PDAScan.ashx" Remark="BLL层的连接地址(包含 http://)" />
  <SystemConfig ConfigName="WBSURL" ConfigValue="http://10.0.0.15:9001/service/ServiceLogin.asmx" Remark="WEB SERVICE层的连接地址(包含 http://)" />
  <SystemConfig ConfigName="ZXDURL" ConfigValue="http://192.168.35.231/service/WSZXDDataPull.asmx" Remark="WEB SERVICE层的连接地址(包含 http://)" />
  <!--正式
  <SystemConfig ConfigName="BLLURL" ConfigValue="http://10.0.0.15:9001/interface/PDAScan.ashx" Remark="BLL层的连接地址(包含 http://)" />
  <SystemConfig ConfigName="WBSURL" ConfigValue="http://10.0.0.15:9001/service/ServiceLogin.asmx" Remark="WEB SERVICE层的连接地址(包含 http://)" />
  <SystemConfig ConfigName="ZXDURL" ConfigValue="http://10.0.0.15:9001/service/WSZXDDataPull.asmx" Remark="WEB SERVICE层的连接地址(包含 http://)" />
  -->  
  <SystemConfig ConfigName="PrinterAddr" ConfigValue="98183491" Remark="上一次连接的蓝牙设备地址"/>
  <SystemConfig ConfigName="WeightAddr" ConfigValue="0" Remark="上一次连接的蓝牙设备地址"/>
  <!--<SystemConfig ConfigName="ZXDURL" ConfigValue="http://10.0.0.15:9030/service/WSZXDDataPull.asmx" Remark="WEB SERVICE层的连接地址(包含 http://)" />-->
  <SystemConfig ConfigName="user" ConfigValue="gjf" Remark="用户名"/>
  <SystemConfig ConfigName="password" ConfigValue="123321" Remark="密码"/>
  <SystemConfig ConfigName="isSaveUser" ConfigValue="1" Remark="保存用户密码"/>
  <SystemConfig ConfigName="ver" ConfigValue="20181127" Remark="版本号,用于升级"/>  
</NewDataSet>